{
  "v3_base_metrics": {
    "cagr": 0.11013191590148019,
    "max_dd": -0.15915352281051795,
    "calmar": 0.6919854110461571,
    "annual_turnover": 14.275616197183096,
    "trade_count": 222.0,
    "time_in_market": 69.37346004927842
  },
  "v4_2_2_best_params": {
    "risk_on_gap_buy_pct": 1.0,
    "panic_reversal_pos": 0.5,
    "risk_repair_vix_th": 18
  },
  "v4_2_2_best_metrics": {
    "cagr": 0.11178099995852597,
    "max_dd": -0.16205630642770033,
    "calmar": 0.6897664300919746,
    "annual_turnover": 14.092437559891534,
    "trade_count": 408.0
  }
}